message;severity;node;stamp;location
"Oh no! I hit the wall! (Clamping from [x=11.168889, y=5.544445])";"30";"Don.sim";"1726225148.711249198";"/home/ar1sto/ros2_ws/src/ros_tutorials/turtlesim/src/turtle.cpp:update:260"
"Oh no! I hit the wall! (Clamping from [x=11.168889, y=5.544445])";"30";"Mike.sim";"1726225148.710541150";"/home/ar1sto/ros2_ws/src/ros_tutorials/turtlesim/src/turtle.cpp:update:260"
"Oh no! I hit the wall! (Clamping from [x=11.168889, y=5.544445])";"30";"Don.sim";"1726225148.695608223";"/home/ar1sto/ros2_ws/src/ros_tutorials/turtlesim/src/turtle.cpp:update:260"
"Oh no! I hit the wall! (Clamping from [x=11.168889, y=5.544445])";"30";"Mike.sim";"1726225148.694829375";"/home/ar1sto/ros2_ws/src/ros_tutorials/turtlesim/src/turtle.cpp:update:260"
"Oh no! I hit the wall! (Clamping from [x=11.168889, y=5.544445])";"30";"Leo.sim";"1726225148.689525826";"/home/ar1sto/ros2_ws/src/ros_tutorials/turtlesim/src/turtle.cpp:update:260"
"Oh no! I hit the wall! (Clamping from [x=11.168889, y=5.544445])";"30";"Don.sim";"1726225148.680056546";"/home/ar1sto/ros2_ws/src/ros_tutorials/turtlesim/src/turtle.cpp:update:260"
"Oh no! I hit the wall! (Clamping from [x=11.168889, y=5.544445])";"30";"Mike.sim";"1726225148.679158702";"/home/ar1sto/ros2_ws/src/ros_tutorials/turtlesim/src/turtle.cpp:update:260"
"Oh no! I hit the wall! (Clamping from [x=11.168889, y=5.544445])";"30";"Leo.sim";"1726225148.673583378";"/home/ar1sto/ros2_ws/src/ros_tutorials/turtlesim/src/turtle.cpp:update:260"
"Oh no! I hit the wall! (Clamping from [x=11.168889, y=5.544445])";"30";"Don.sim";"1726225148.663392787";"/home/ar1sto/ros2_ws/src/ros_tutorials/turtlesim/src/turtle.cpp:update:260"
"Oh no! I hit the wall! (Clamping from [x=11.168889, y=5.544445])";"30";"Mike.sim";"1726225148.662500778";"/home/ar1sto/ros2_ws/src/ros_tutorials/turtlesim/src/turtle.cpp:update:260"
"Oh no! I hit the wall! (Clamping from [x=11.168889, y=5.544445])";"30";"Leo.sim";"1726225148.656694865";"/home/ar1sto/ros2_ws/src/ros_tutorials/turtlesim/src/turtle.cpp:update:260"
"Oh no! I hit the wall! (Clamping from [x=11.168889, y=5.544445])";"30";"Don.sim";"1726225148.647019874";"/home/ar1sto/ros2_ws/src/ros_tutorials/turtlesim/src/turtle.cpp:update:260"
"Oh no! I hit the wall! (Clamping from [x=11.168889, y=5.544445])";"30";"Mike.sim";"1726225148.646955638";"/home/ar1sto/ros2_ws/src/ros_tutorials/turtlesim/src/turtle.cpp:update:260"
"Oh no! I hit the wall! (Clamping from [x=11.168889, y=5.544445])";"30";"Leo.sim";"1726225148.640881939";"/home/ar1sto/ros2_ws/src/ros_tutorials/turtlesim/src/turtle.cpp:update:260"
"Oh no! I hit the wall! (Clamping from [x=11.168889, y=5.544445])";"30";"Don.sim";"1726225148.631538406";"/home/ar1sto/ros2_ws/src/ros_tutorials/turtlesim/src/turtle.cpp:update:260"
"Oh no! I hit the wall! (Clamping from [x=11.168889, y=5.544445])";"30";"Mike.sim";"1726225148.630382092";"/home/ar1sto/ros2_ws/src/ros_tutorials/turtlesim/src/turtle.cpp:update:260"
"Oh no! I hit the wall! (Clamping from [x=11.168889, y=5.544445])";"30";"Leo.sim";"1726225148.625193482";"/home/ar1sto/ros2_ws/src/ros_tutorials/turtlesim/src/turtle.cpp:update:260"
"Oh no! I hit the wall! (Clamping from [x=11.168889, y=5.544445])";"30";"Don.sim";"1726225148.615001717";"/home/ar1sto/ros2_ws/src/ros_tutorials/turtlesim/src/turtle.cpp:update:260"
"Oh no! I hit the wall! (Clamping from [x=11.168889, y=5.544445])";"30";"Mike.sim";"1726225148.614927921";"/home/ar1sto/ros2_ws/src/ros_tutorials/turtlesim/src/turtle.cpp:update:260"
"Oh no! I hit the wall! (Clamping from [x=11.168889, y=5.544445])";"30";"Leo.sim";"1726225148.609322140";"/home/ar1sto/ros2_ws/src/ros_tutorials/turtlesim/src/turtle.cpp:update:260"
"Oh no! I hit the wall! (Clamping from [x=11.168889, y=5.544445])";"30";"Don.sim";"1726225148.599494925";"/home/ar1sto/ros2_ws/src/ros_tutorials/turtlesim/src/turtle.cpp:update:260"
"Oh no! I hit the wall! (Clamping from [x=11.168889, y=5.544445])";"30";"Mike.sim";"1726225148.598315387";"/home/ar1sto/ros2_ws/src/ros_tutorials/turtlesim/src/turtle.cpp:update:260"
"Oh no! I hit the wall! (Clamping from [x=11.168889, y=5.544445])";"30";"Leo.sim";"1726225148.593444826";"/home/ar1sto/ros2_ws/src/ros_tutorials/turtlesim/src/turtle.cpp:update:260"
"Oh no! I hit the wall! (Clamping from [x=11.168889, y=5.544445])";"30";"Don.sim";"1726225148.583889982";"/home/ar1sto/ros2_ws/src/ros_tutorials/turtlesim/src/turtle.cpp:update:260"
"Oh no! I hit the wall! (Clamping from [x=11.168889, y=5.544445])";"30";"Mike.sim";"1726225148.582771598";"/home/ar1sto/ros2_ws/src/ros_tutorials/turtlesim/src/turtle.cpp:update:260"
"Oh no! I hit the wall! (Clamping from [x=11.168889, y=5.544445])";"30";"Leo.sim";"1726225148.577485432";"/home/ar1sto/ros2_ws/src/ros_tutorials/turtlesim/src/turtle.cpp:update:260"
"Oh no! I hit the wall! (Clamping from [x=11.168889, y=5.544445])";"30";"Don.sim";"1726225148.567237069";"/home/ar1sto/ros2_ws/src/ros_tutorials/turtlesim/src/turtle.cpp:update:260"
"Oh no! I hit the wall! (Clamping from [x=11.168889, y=5.544445])";"30";"Mike.sim";"1726225148.566246258";"/home/ar1sto/ros2_ws/src/ros_tutorials/turtlesim/src/turtle.cpp:update:260"
"Oh no! I hit the wall! (Clamping from [x=11.168889, y=5.544445])";"30";"Leo.sim";"1726225148.561515902";"/home/ar1sto/ros2_ws/src/ros_tutorials/turtlesim/src/turtle.cpp:update:260"
"Oh no! I hit the wall! (Clamping from [x=11.168889, y=5.544445])";"30";"Don.sim";"1726225148.551702706";"/home/ar1sto/ros2_ws/src/ros_tutorials/turtlesim/src/turtle.cpp:update:260"
"Oh no! I hit the wall! (Clamping from [x=11.168889, y=5.544445])";"30";"Mike.sim";"1726225148.550796683";"/home/ar1sto/ros2_ws/src/ros_tutorials/turtlesim/src/turtle.cpp:update:260"
"Oh no! I hit the wall! (Clamping from [x=11.168889, y=5.544445])";"30";"Leo.sim";"1726225148.544667327";"/home/ar1sto/ros2_ws/src/ros_tutorials/turtlesim/src/turtle.cpp:update:260"
"Oh no! I hit the wall! (Clamping from [x=11.168889, y=5.544445])";"30";"Don.sim";"1726225148.535251336";"/home/ar1sto/ros2_ws/src/ros_tutorials/turtlesim/src/turtle.cpp:update:260"
"Oh no! I hit the wall! (Clamping from [x=11.168889, y=5.544445])";"30";"Mike.sim";"1726225148.535124077";"/home/ar1sto/ros2_ws/src/ros_tutorials/turtlesim/src/turtle.cpp:update:260"
"Oh no! I hit the wall! (Clamping from [x=11.168889, y=5.544445])";"30";"Leo.sim";"1726225148.528817994";"/home/ar1sto/ros2_ws/src/ros_tutorials/turtlesim/src/turtle.cpp:update:260"
"Oh no! I hit the wall! (Clamping from [x=11.168889, y=5.544445])";"30";"Mike.sim";"1726225148.519263761";"/home/ar1sto/ros2_ws/src/ros_tutorials/turtlesim/src/turtle.cpp:update:260"
"Oh no! I hit the wall! (Clamping from [x=11.168889, y=5.544445])";"30";"Don.sim";"1726225148.519263731";"/home/ar1sto/ros2_ws/src/ros_tutorials/turtlesim/src/turtle.cpp:update:260"
"Oh no! I hit the wall! (Clamping from [x=11.168889, y=5.544445])";"30";"Leo.sim";"1726225148.512857456";"/home/ar1sto/ros2_ws/src/ros_tutorials/turtlesim/src/turtle.cpp:update:260"
"Oh no! I hit the wall! (Clamping from [x=11.168889, y=5.544445])";"30";"Don.sim";"1726225148.503503880";"/home/ar1sto/ros2_ws/src/ros_tutorials/turtlesim/src/turtle.cpp:update:260"
"Oh no! I hit the wall! (Clamping from [x=11.168889, y=5.544445])";"30";"Mike.sim";"1726225148.502468987";"/home/ar1sto/ros2_ws/src/ros_tutorials/turtlesim/src/turtle.cpp:update:260"
"Oh no! I hit the wall! (Clamping from [x=11.168889, y=5.544445])";"30";"Leo.sim";"1726225148.496843924";"/home/ar1sto/ros2_ws/src/ros_tutorials/turtlesim/src/turtle.cpp:update:260"
"Oh no! I hit the wall! (Clamping from [x=11.168889, y=5.544445])";"30";"Don.sim";"1726225148.487762523";"/home/ar1sto/ros2_ws/src/ros_tutorials/turtlesim/src/turtle.cpp:update:260"
"Oh no! I hit the wall! (Clamping from [x=11.168889, y=5.544445])";"30";"Mike.sim";"1726225148.486790582";"/home/ar1sto/ros2_ws/src/ros_tutorials/turtlesim/src/turtle.cpp:update:260"
"Oh no! I hit the wall! (Clamping from [x=11.168889, y=5.544445])";"30";"Leo.sim";"1726225148.480789457";"/home/ar1sto/ros2_ws/src/ros_tutorials/turtlesim/src/turtle.cpp:update:260"
"Oh no! I hit the wall! (Clamping from [x=11.168889, y=5.544445])";"30";"Mike.sim";"1726225148.471112402";"/home/ar1sto/ros2_ws/src/ros_tutorials/turtlesim/src/turtle.cpp:update:260"
"Oh no! I hit the wall! (Clamping from [x=11.168889, y=5.544445])";"30";"Don.sim";"1726225148.471141121";"/home/ar1sto/ros2_ws/src/ros_tutorials/turtlesim/src/turtle.cpp:update:260"
"Oh no! I hit the wall! (Clamping from [x=11.168889, y=5.544445])";"30";"Leo.sim";"1726225148.464803081";"/home/ar1sto/ros2_ws/src/ros_tutorials/turtlesim/src/turtle.cpp:update:260"
"Oh no! I hit the wall! (Clamping from [x=11.168889, y=5.544445])";"30";"Don.sim";"1726225148.455611481";"/home/ar1sto/ros2_ws/src/ros_tutorials/turtlesim/src/turtle.cpp:update:260"
"Oh no! I hit the wall! (Clamping from [x=11.168889, y=5.544445])";"30";"Mike.sim";"1726225148.454574624";"/home/ar1sto/ros2_ws/src/ros_tutorials/turtlesim/src/turtle.cpp:update:260"
"Oh no! I hit the wall! (Clamping from [x=11.168889, y=5.544445])";"30";"Leo.sim";"1726225148.448964829";"/home/ar1sto/ros2_ws/src/ros_tutorials/turtlesim/src/turtle.cpp:update:260"
"Oh no! I hit the wall! (Clamping from [x=11.168889, y=5.544445])";"30";"Don.sim";"1726225148.439206054";"/home/ar1sto/ros2_ws/src/ros_tutorials/turtlesim/src/turtle.cpp:update:260"
"Oh no! I hit the wall! (Clamping from [x=11.168889, y=5.544445])";"30";"Mike.sim";"1726225148.438973430";"/home/ar1sto/ros2_ws/src/ros_tutorials/turtlesim/src/turtle.cpp:update:260"
"Oh no! I hit the wall! (Clamping from [x=11.168889, y=5.544445])";"30";"Leo.sim";"1726225148.433151531";"/home/ar1sto/ros2_ws/src/ros_tutorials/turtlesim/src/turtle.cpp:update:260"
"Oh no! I hit the wall! (Clamping from [x=11.168889, y=5.544445])";"30";"Don.sim";"1726225148.423385393";"/home/ar1sto/ros2_ws/src/ros_tutorials/turtlesim/src/turtle.cpp:update:260"
"Oh no! I hit the wall! (Clamping from [x=11.168889, y=5.544445])";"30";"Mike.sim";"1726225148.422436141";"/home/ar1sto/ros2_ws/src/ros_tutorials/turtlesim/src/turtle.cpp:update:260"
"Oh no! I hit the wall! (Clamping from [x=11.168889, y=5.544445])";"30";"Leo.sim";"1726225148.417372215";"/home/ar1sto/ros2_ws/src/ros_tutorials/turtlesim/src/turtle.cpp:update:260"
"Oh no! I hit the wall! (Clamping from [x=11.168889, y=5.544445])";"30";"Don.sim";"1726225148.407799597";"/home/ar1sto/ros2_ws/src/ros_tutorials/turtlesim/src/turtle.cpp:update:260"
"Oh no! I hit the wall! (Clamping from [x=11.168889, y=5.544445])";"30";"Mike.sim";"1726225148.406760813";"/home/ar1sto/ros2_ws/src/ros_tutorials/turtlesim/src/turtle.cpp:update:260"
"Oh no! I hit the wall! (Clamping from [x=11.168889, y=5.544445])";"30";"Leo.sim";"1726225148.401483950";"/home/ar1sto/ros2_ws/src/ros_tutorials/turtlesim/src/turtle.cpp:update:260"
"Oh no! I hit the wall! (Clamping from [x=11.168889, y=5.544445])";"30";"Don.sim";"1726225148.391216527";"/home/ar1sto/ros2_ws/src/ros_tutorials/turtlesim/src/turtle.cpp:update:260"
"Oh no! I hit the wall! (Clamping from [x=11.168889, y=5.544445])";"30";"Mike.sim";"1726225148.391113235";"/home/ar1sto/ros2_ws/src/ros_tutorials/turtlesim/src/turtle.cpp:update:260"
"Oh no! I hit the wall! (Clamping from [x=11.168889, y=5.544445])";"30";"Leo.sim";"1726225148.384725176";"/home/ar1sto/ros2_ws/src/ros_tutorials/turtlesim/src/turtle.cpp:update:260"
"Oh no! I hit the wall! (Clamping from [x=11.168889, y=5.544445])";"30";"Don.sim";"1726225148.375703336";"/home/ar1sto/ros2_ws/src/ros_tutorials/turtlesim/src/turtle.cpp:update:260"
"Oh no! I hit the wall! (Clamping from [x=11.168889, y=5.544445])";"30";"Mike.sim";"1726225148.374618563";"/home/ar1sto/ros2_ws/src/ros_tutorials/turtlesim/src/turtle.cpp:update:260"
"Oh no! I hit the wall! (Clamping from [x=11.168889, y=5.544445])";"30";"Leo.sim";"1726225148.368945193";"/home/ar1sto/ros2_ws/src/ros_tutorials/turtlesim/src/turtle.cpp:update:260"
"Oh no! I hit the wall! (Clamping from [x=11.168889, y=5.544445])";"30";"Don.sim";"1726225148.359220102";"/home/ar1sto/ros2_ws/src/ros_tutorials/turtlesim/src/turtle.cpp:update:260"
"Oh no! I hit the wall! (Clamping from [x=11.168889, y=5.544445])";"30";"Mike.sim";"1726225148.359047686";"/home/ar1sto/ros2_ws/src/ros_tutorials/turtlesim/src/turtle.cpp:update:260"
"Oh no! I hit the wall! (Clamping from [x=11.168889, y=5.544445])";"30";"Leo.sim";"1726225148.353314738";"/home/ar1sto/ros2_ws/src/ros_tutorials/turtlesim/src/turtle.cpp:update:260"
"Oh no! I hit the wall! (Clamping from [x=11.168889, y=5.544445])";"30";"Don.sim";"1726225148.343642197";"/home/ar1sto/ros2_ws/src/ros_tutorials/turtlesim/src/turtle.cpp:update:260"
"Oh no! I hit the wall! (Clamping from [x=11.168889, y=5.544445])";"30";"Mike.sim";"1726225148.342448444";"/home/ar1sto/ros2_ws/src/ros_tutorials/turtlesim/src/turtle.cpp:update:260"
"Oh no! I hit the wall! (Clamping from [x=11.168889, y=5.544445])";"30";"Leo.sim";"1726225148.336677159";"/home/ar1sto/ros2_ws/src/ros_tutorials/turtlesim/src/turtle.cpp:update:260"
"Oh no! I hit the wall! (Clamping from [x=11.168889, y=5.544445])";"30";"Don.sim";"1726225148.327193037";"/home/ar1sto/ros2_ws/src/ros_tutorials/turtlesim/src/turtle.cpp:update:260"
"Oh no! I hit the wall! (Clamping from [x=11.168889, y=5.544445])";"30";"Mike.sim";"1726225148.326853745";"/home/ar1sto/ros2_ws/src/ros_tutorials/turtlesim/src/turtle.cpp:update:260"
"Oh no! I hit the wall! (Clamping from [x=11.168889, y=5.544445])";"30";"Leo.sim";"1726225148.320872399";"/home/ar1sto/ros2_ws/src/ros_tutorials/turtlesim/src/turtle.cpp:update:260"
"Oh no! I hit the wall! (Clamping from [x=11.168889, y=5.544445])";"30";"Don.sim";"1726225148.311689655";"/home/ar1sto/ros2_ws/src/ros_tutorials/turtlesim/src/turtle.cpp:update:260"
"Oh no! I hit the wall! (Clamping from [x=11.168889, y=5.544445])";"30";"Mike.sim";"1726225148.311128503";"/home/ar1sto/ros2_ws/src/ros_tutorials/turtlesim/src/turtle.cpp:update:260"
"Oh no! I hit the wall! (Clamping from [x=11.168889, y=5.544445])";"30";"Leo.sim";"1726225148.305146001";"/home/ar1sto/ros2_ws/src/ros_tutorials/turtlesim/src/turtle.cpp:update:260"
"Oh no! I hit the wall! (Clamping from [x=11.168889, y=5.544445])";"30";"Don.sim";"1726225148.296035569";"/home/ar1sto/ros2_ws/src/ros_tutorials/turtlesim/src/turtle.cpp:update:260"
"Oh no! I hit the wall! (Clamping from [x=11.168889, y=5.544445])";"30";"Mike.sim";"1726225148.294359872";"/home/ar1sto/ros2_ws/src/ros_tutorials/turtlesim/src/turtle.cpp:update:260"
"Oh no! I hit the wall! (Clamping from [x=11.168889, y=5.544445])";"30";"Leo.sim";"1726225148.288906217";"/home/ar1sto/ros2_ws/src/ros_tutorials/turtlesim/src/turtle.cpp:update:260"
"Oh no! I hit the wall! (Clamping from [x=11.168889, y=5.544445])";"30";"Don.sim";"1726225148.279162634";"/home/ar1sto/ros2_ws/src/ros_tutorials/turtlesim/src/turtle.cpp:update:260"
"Oh no! I hit the wall! (Clamping from [x=11.168889, y=5.544445])";"30";"Mike.sim";"1726225148.278830499";"/home/ar1sto/ros2_ws/src/ros_tutorials/turtlesim/src/turtle.cpp:update:260"
"Oh no! I hit the wall! (Clamping from [x=11.168889, y=5.544445])";"30";"Leo.sim";"1726225148.272902903";"/home/ar1sto/ros2_ws/src/ros_tutorials/turtlesim/src/turtle.cpp:update:260"
"Oh no! I hit the wall! (Clamping from [x=11.168889, y=5.544445])";"30";"Don.sim";"1726225148.263405924";"/home/ar1sto/ros2_ws/src/ros_tutorials/turtlesim/src/turtle.cpp:update:260"
"Oh no! I hit the wall! (Clamping from [x=11.168889, y=5.544445])";"30";"Mike.sim";"1726225148.263118448";"/home/ar1sto/ros2_ws/src/ros_tutorials/turtlesim/src/turtle.cpp:update:260"
"Oh no! I hit the wall! (Clamping from [x=11.168889, y=5.544445])";"30";"Leo.sim";"1726225148.256911708";"/home/ar1sto/ros2_ws/src/ros_tutorials/turtlesim/src/turtle.cpp:update:260"
"Oh no! I hit the wall! (Clamping from [x=11.168889, y=5.544445])";"30";"Don.sim";"1726225148.247805642";"/home/ar1sto/ros2_ws/src/ros_tutorials/turtlesim/src/turtle.cpp:update:260"
"Oh no! I hit the wall! (Clamping from [x=11.168889, y=5.544445])";"30";"Mike.sim";"1726225148.247405478";"/home/ar1sto/ros2_ws/src/ros_tutorials/turtlesim/src/turtle.cpp:update:260"
"Oh no! I hit the wall! (Clamping from [x=11.168889, y=5.544445])";"30";"Leo.sim";"1726225148.241270550";"/home/ar1sto/ros2_ws/src/ros_tutorials/turtlesim/src/turtle.cpp:update:260"
"Oh no! I hit the wall! (Clamping from [x=11.168889, y=5.544445])";"30";"Don.sim";"1726225148.231079060";"/home/ar1sto/ros2_ws/src/ros_tutorials/turtlesim/src/turtle.cpp:update:260"
"Oh no! I hit the wall! (Clamping from [x=11.168889, y=5.544445])";"30";"Mike.sim";"1726225148.230651719";"/home/ar1sto/ros2_ws/src/ros_tutorials/turtlesim/src/turtle.cpp:update:260"
"Oh no! I hit the wall! (Clamping from [x=11.168889, y=5.544445])";"30";"Leo.sim";"1726225148.225540878";"/home/ar1sto/ros2_ws/src/ros_tutorials/turtlesim/src/turtle.cpp:update:260"
"Oh no! I hit the wall! (Clamping from [x=11.168889, y=5.544445])";"30";"Don.sim";"1726225148.215581600";"/home/ar1sto/ros2_ws/src/ros_tutorials/turtlesim/src/turtle.cpp:update:260"
"Oh no! I hit the wall! (Clamping from [x=11.168889, y=5.544445])";"30";"Mike.sim";"1726225148.215125458";"/home/ar1sto/ros2_ws/src/ros_tutorials/turtlesim/src/turtle.cpp:update:260"
"Oh no! I hit the wall! (Clamping from [x=11.168889, y=5.544445])";"30";"Leo.sim";"1726225148.209521407";"/home/ar1sto/ros2_ws/src/ros_tutorials/turtlesim/src/turtle.cpp:update:260"
"Oh no! I hit the wall! (Clamping from [x=11.168889, y=5.544445])";"30";"Don.sim";"1726225148.198945831";"/home/ar1sto/ros2_ws/src/ros_tutorials/turtlesim/src/turtle.cpp:update:260"
"Oh no! I hit the wall! (Clamping from [x=11.168889, y=5.544445])";"30";"Don.sim";"1726225148.183181249";"/home/ar1sto/ros2_ws/src/ros_tutorials/turtlesim/src/turtle.cpp:update:260"
"Oh no! I hit the wall! (Clamping from [x=11.168889, y=5.544445])";"30";"Leo.sim";"1726225148.161086322";"/home/ar1sto/ros2_ws/src/ros_tutorials/turtlesim/src/turtle.cpp:update:260"
"Oh no! I hit the wall! (Clamping from [x=11.168889, y=5.544445])";"30";"Don.sim";"1726225148.151499799";"/home/ar1sto/ros2_ws/src/ros_tutorials/turtlesim/src/turtle.cpp:update:260"
"Oh no! I hit the wall! (Clamping from [x=11.168889, y=5.544445])";"30";"Mike.sim";"1726225148.150123115";"/home/ar1sto/ros2_ws/src/ros_tutorials/turtlesim/src/turtle.cpp:update:260"
"Oh no! I hit the wall! (Clamping from [x=11.168889, y=5.544445])";"30";"Leo.sim";"1726225148.145255516";"/home/ar1sto/ros2_ws/src/ros_tutorials/turtlesim/src/turtle.cpp:update:260"
"Oh no! I hit the wall! (Clamping from [x=11.168889, y=5.544445])";"30";"Don.sim";"1726225148.134994250";"/home/ar1sto/ros2_ws/src/ros_tutorials/turtlesim/src/turtle.cpp:update:260"
"Oh no! I hit the wall! (Clamping from [x=11.168889, y=5.544445])";"30";"Leo.sim";"1726225148.113413465";"/home/ar1sto/ros2_ws/src/ros_tutorials/turtlesim/src/turtle.cpp:update:260"
"Oh no! I hit the wall! (Clamping from [x=11.168889, y=5.544445])";"30";"Don.sim";"1726225148.103857571";"/home/ar1sto/ros2_ws/src/ros_tutorials/turtlesim/src/turtle.cpp:update:260"
"Oh no! I hit the wall! (Clamping from [x=11.168889, y=5.544445])";"30";"Mike.sim";"1726225148.102378308";"/home/ar1sto/ros2_ws/src/ros_tutorials/turtlesim/src/turtle.cpp:update:260"
"Oh no! I hit the wall! (Clamping from [x=11.168889, y=5.544445])";"30";"Leo.sim";"1726225148.096665156";"/home/ar1sto/ros2_ws/src/ros_tutorials/turtlesim/src/turtle.cpp:update:260"
"Oh no! I hit the wall! (Clamping from [x=11.168889, y=5.544445])";"30";"Don.sim";"1726225148.087267632";"/home/ar1sto/ros2_ws/src/ros_tutorials/turtlesim/src/turtle.cpp:update:260"
"Oh no! I hit the wall! (Clamping from [x=11.168889, y=5.544445])";"30";"Mike.sim";"1726225148.086839326";"/home/ar1sto/ros2_ws/src/ros_tutorials/turtlesim/src/turtle.cpp:update:260"
"Oh no! I hit the wall! (Clamping from [x=11.168889, y=5.544445])";"30";"Leo.sim";"1726225148.080881658";"/home/ar1sto/ros2_ws/src/ros_tutorials/turtlesim/src/turtle.cpp:update:260"
"Oh no! I hit the wall! (Clamping from [x=11.168889, y=5.544445])";"30";"Don.sim";"1726225148.071823579";"/home/ar1sto/ros2_ws/src/ros_tutorials/turtlesim/src/turtle.cpp:update:260"
"Oh no! I hit the wall! (Clamping from [x=11.168889, y=5.544445])";"30";"Mike.sim";"1726225148.070267641";"/home/ar1sto/ros2_ws/src/ros_tutorials/turtlesim/src/turtle.cpp:update:260"
"Oh no! I hit the wall! (Clamping from [x=11.168889, y=5.544445])";"30";"Leo.sim";"1726225148.065123767";"/home/ar1sto/ros2_ws/src/ros_tutorials/turtlesim/src/turtle.cpp:update:260"
"Oh no! I hit the wall! (Clamping from [x=11.168889, y=5.544445])";"30";"Don.sim";"1726225148.055353992";"/home/ar1sto/ros2_ws/src/ros_tutorials/turtlesim/src/turtle.cpp:update:260"
"Oh no! I hit the wall! (Clamping from [x=11.168889, y=5.544445])";"30";"Mike.sim";"1726225148.054727097";"/home/ar1sto/ros2_ws/src/ros_tutorials/turtlesim/src/turtle.cpp:update:260"
"Oh no! I hit the wall! (Clamping from [x=11.168889, y=5.544445])";"30";"Leo.sim";"1726225148.049345938";"/home/ar1sto/ros2_ws/src/ros_tutorials/turtlesim/src/turtle.cpp:update:260"
"Oh no! I hit the wall! (Clamping from [x=11.168889, y=5.544445])";"30";"Don.sim";"1726225148.039903622";"/home/ar1sto/ros2_ws/src/ros_tutorials/turtlesim/src/turtle.cpp:update:260"
"Oh no! I hit the wall! (Clamping from [x=11.168889, y=5.544445])";"30";"Mike.sim";"1726225148.039159177";"/home/ar1sto/ros2_ws/src/ros_tutorials/turtlesim/src/turtle.cpp:update:260"
"Oh no! I hit the wall! (Clamping from [x=11.168889, y=5.544445])";"30";"Leo.sim";"1726225148.033465548";"/home/ar1sto/ros2_ws/src/ros_tutorials/turtlesim/src/turtle.cpp:update:260"
"Oh no! I hit the wall! (Clamping from [x=11.168889, y=5.544445])";"30";"Don.sim";"1726225148.023361684";"/home/ar1sto/ros2_ws/src/ros_tutorials/turtlesim/src/turtle.cpp:update:260"
"Oh no! I hit the wall! (Clamping from [x=11.168889, y=5.544445])";"30";"Mike.sim";"1726225148.022436184";"/home/ar1sto/ros2_ws/src/ros_tutorials/turtlesim/src/turtle.cpp:update:260"
"Oh no! I hit the wall! (Clamping from [x=11.168889, y=5.544445])";"30";"Leo.sim";"1726225148.016693563";"/home/ar1sto/ros2_ws/src/ros_tutorials/turtlesim/src/turtle.cpp:update:260"
"Oh no! I hit the wall! (Clamping from [x=11.168889, y=5.544445])";"30";"Don.sim";"1726225148.007847143";"/home/ar1sto/ros2_ws/src/ros_tutorials/turtlesim/src/turtle.cpp:update:260"
"Oh no! I hit the wall! (Clamping from [x=11.168889, y=5.544445])";"30";"Mike.sim";"1726225148.006971407";"/home/ar1sto/ros2_ws/src/ros_tutorials/turtlesim/src/turtle.cpp:update:260"
"Oh no! I hit the wall! (Clamping from [x=11.168889, y=5.544445])";"30";"Leo.sim";"1726225148.000961902";"/home/ar1sto/ros2_ws/src/ros_tutorials/turtlesim/src/turtle.cpp:update:260"
"Oh no! I hit the wall! (Clamping from [x=11.168889, y=5.544445])";"30";"Don.sim";"1726225147.991381965";"/home/ar1sto/ros2_ws/src/ros_tutorials/turtlesim/src/turtle.cpp:update:260"
"Oh no! I hit the wall! (Clamping from [x=11.168889, y=5.544445])";"30";"Mike.sim";"1726225147.990373731";"/home/ar1sto/ros2_ws/src/ros_tutorials/turtlesim/src/turtle.cpp:update:260"
"Oh no! I hit the wall! (Clamping from [x=11.168889, y=5.544445])";"30";"Leo.sim";"1726225147.985241186";"/home/ar1sto/ros2_ws/src/ros_tutorials/turtlesim/src/turtle.cpp:update:260"
"Oh no! I hit the wall! (Clamping from [x=11.168889, y=5.544445])";"30";"Don.sim";"1726225147.975766689";"/home/ar1sto/ros2_ws/src/ros_tutorials/turtlesim/src/turtle.cpp:update:260"
"Oh no! I hit the wall! (Clamping from [x=11.168889, y=5.544445])";"30";"Mike.sim";"1726225147.974914435";"/home/ar1sto/ros2_ws/src/ros_tutorials/turtlesim/src/turtle.cpp:update:260"
"Oh no! I hit the wall! (Clamping from [x=11.168889, y=5.544445])";"30";"Leo.sim";"1726225147.969409061";"/home/ar1sto/ros2_ws/src/ros_tutorials/turtlesim/src/turtle.cpp:update:260"
"Oh no! I hit the wall! (Clamping from [x=11.168889, y=5.544445])";"30";"Don.sim";"1726225147.959227178";"/home/ar1sto/ros2_ws/src/ros_tutorials/turtlesim/src/turtle.cpp:update:260"
"Oh no! I hit the wall! (Clamping from [x=11.168889, y=5.544445])";"30";"Mike.sim";"1726225147.958440760";"/home/ar1sto/ros2_ws/src/ros_tutorials/turtlesim/src/turtle.cpp:update:260"
"Oh no! I hit the wall! (Clamping from [x=11.168889, y=5.544445])";"30";"Leo.sim";"1726225147.952653309";"/home/ar1sto/ros2_ws/src/ros_tutorials/turtlesim/src/turtle.cpp:update:260"
"Oh no! I hit the wall! (Clamping from [x=11.168889, y=5.544445])";"30";"Don.sim";"1726225147.943690615";"/home/ar1sto/ros2_ws/src/ros_tutorials/turtlesim/src/turtle.cpp:update:260"
"Oh no! I hit the wall! (Clamping from [x=11.168889, y=5.544445])";"30";"Mike.sim";"1726225147.942869908";"/home/ar1sto/ros2_ws/src/ros_tutorials/turtlesim/src/turtle.cpp:update:260"
"Oh no! I hit the wall! (Clamping from [x=11.168889, y=5.544445])";"30";"Leo.sim";"1726225147.936903251";"/home/ar1sto/ros2_ws/src/ros_tutorials/turtlesim/src/turtle.cpp:update:260"
"Oh no! I hit the wall! (Clamping from [x=11.168889, y=5.544445])";"30";"Mike.sim";"1726225147.927135571";"/home/ar1sto/ros2_ws/src/ros_tutorials/turtlesim/src/turtle.cpp:update:260"
"Oh no! I hit the wall! (Clamping from [x=11.168889, y=5.544445])";"30";"Don.sim";"1726225147.927083377";"/home/ar1sto/ros2_ws/src/ros_tutorials/turtlesim/src/turtle.cpp:update:260"
"Oh no! I hit the wall! (Clamping from [x=11.168889, y=5.544445])";"30";"Leo.sim";"1726225147.920906078";"/home/ar1sto/ros2_ws/src/ros_tutorials/turtlesim/src/turtle.cpp:update:260"
"Oh no! I hit the wall! (Clamping from [x=11.168889, y=5.544445])";"30";"Don.sim";"1726225147.911290560";"/home/ar1sto/ros2_ws/src/ros_tutorials/turtlesim/src/turtle.cpp:update:260"
"Oh no! I hit the wall! (Clamping from [x=11.168889, y=5.544445])";"30";"Mike.sim";"1726225147.910468773";"/home/ar1sto/ros2_ws/src/ros_tutorials/turtlesim/src/turtle.cpp:update:260"
"Oh no! I hit the wall! (Clamping from [x=11.168889, y=5.544445])";"30";"Leo.sim";"1726225147.905011052";"/home/ar1sto/ros2_ws/src/ros_tutorials/turtlesim/src/turtle.cpp:update:260"
"Oh no! I hit the wall! (Clamping from [x=11.168889, y=5.544445])";"30";"Don.sim";"1726225147.895662296";"/home/ar1sto/ros2_ws/src/ros_tutorials/turtlesim/src/turtle.cpp:update:260"
"Oh no! I hit the wall! (Clamping from [x=11.168889, y=5.544445])";"30";"Mike.sim";"1726225147.894811467";"/home/ar1sto/ros2_ws/src/ros_tutorials/turtlesim/src/turtle.cpp:update:260"
"Oh no! I hit the wall! (Clamping from [x=11.168889, y=5.544445])";"30";"Leo.sim";"1726225147.889002232";"/home/ar1sto/ros2_ws/src/ros_tutorials/turtlesim/src/turtle.cpp:update:260"
"Oh no! I hit the wall! (Clamping from [x=11.168889, y=5.544445])";"30";"Don.sim";"1726225147.879066102";"/home/ar1sto/ros2_ws/src/ros_tutorials/turtlesim/src/turtle.cpp:update:260"
"Oh no! I hit the wall! (Clamping from [x=11.168889, y=5.544445])";"30";"Mike.sim";"1726225147.879081144";"/home/ar1sto/ros2_ws/src/ros_tutorials/turtlesim/src/turtle.cpp:update:260"
"Oh no! I hit the wall! (Clamping from [x=11.168889, y=5.544445])";"30";"Leo.sim";"1726225147.873065472";"/home/ar1sto/ros2_ws/src/ros_tutorials/turtlesim/src/turtle.cpp:update:260"
"Oh no! I hit the wall! (Clamping from [x=11.168889, y=5.544445])";"30";"Don.sim";"1726225147.863512940";"/home/ar1sto/ros2_ws/src/ros_tutorials/turtlesim/src/turtle.cpp:update:260"
"Oh no! I hit the wall! (Clamping from [x=11.168889, y=5.544445])";"30";"Mike.sim";"1726225147.863390338";"/home/ar1sto/ros2_ws/src/ros_tutorials/turtlesim/src/turtle.cpp:update:260"
"Oh no! I hit the wall! (Clamping from [x=11.168889, y=5.544445])";"30";"Leo.sim";"1726225147.857408914";"/home/ar1sto/ros2_ws/src/ros_tutorials/turtlesim/src/turtle.cpp:update:260"
"Oh no! I hit the wall! (Clamping from [x=11.168889, y=5.544445])";"30";"Don.sim";"1726225147.847800777";"/home/ar1sto/ros2_ws/src/ros_tutorials/turtlesim/src/turtle.cpp:update:260"
"Oh no! I hit the wall! (Clamping from [x=11.168889, y=5.544445])";"30";"Mike.sim";"1726225147.846608824";"/home/ar1sto/ros2_ws/src/ros_tutorials/turtlesim/src/turtle.cpp:update:260"
"Oh no! I hit the wall! (Clamping from [x=11.168889, y=5.544445])";"30";"Leo.sim";"1726225147.841543099";"/home/ar1sto/ros2_ws/src/ros_tutorials/turtlesim/src/turtle.cpp:update:260"
"Oh no! I hit the wall! (Clamping from [x=11.168889, y=5.544445])";"30";"Don.sim";"1726225147.831199080";"/home/ar1sto/ros2_ws/src/ros_tutorials/turtlesim/src/turtle.cpp:update:260"
"Oh no! I hit the wall! (Clamping from [x=11.168889, y=5.544445])";"30";"Mike.sim";"1726225147.830950877";"/home/ar1sto/ros2_ws/src/ros_tutorials/turtlesim/src/turtle.cpp:update:260"
"Oh no! I hit the wall! (Clamping from [x=11.168889, y=5.544445])";"30";"Leo.sim";"1726225147.825485310";"/home/ar1sto/ros2_ws/src/ros_tutorials/turtlesim/src/turtle.cpp:update:260"
"Oh no! I hit the wall! (Clamping from [x=11.144445, y=5.544445])";"30";"Don.sim";"1726225147.815828437";"/home/ar1sto/ros2_ws/src/ros_tutorials/turtlesim/src/turtle.cpp:update:260"
"Oh no! I hit the wall! (Clamping from [x=11.144445, y=5.544445])";"30";"Mike.sim";"1726225147.814371375";"/home/ar1sto/ros2_ws/src/ros_tutorials/turtlesim/src/turtle.cpp:update:260"
"Oh no! I hit the wall! (Clamping from [x=11.168889, y=5.544445])";"30";"Leo.sim";"1726225147.809516928";"/home/ar1sto/ros2_ws/src/ros_tutorials/turtlesim/src/turtle.cpp:update:260"
"Oh no! I hit the wall! (Clamping from [x=11.144445, y=5.544445])";"30";"Leo.sim";"1726225147.792663669";"/home/ar1sto/ros2_ws/src/ros_tutorials/turtlesim/src/turtle.cpp:update:260"
"Spawning turtle [turtle1] at x=[5.544445], y=[5.544445], theta=[0.000000]";"20";"Don.sim";"1726224643.784810984";"/home/ar1sto/ros2_ws/src/ros_tutorials/turtlesim/src/turtle_frame.cpp:spawnTurtle:209"
"Spawning turtle [turtle1] at x=[5.544445], y=[5.544445], theta=[0.000000]";"20";"Mike.sim";"1726224643.768043589";"/home/ar1sto/ros2_ws/src/ros_tutorials/turtlesim/src/turtle_frame.cpp:spawnTurtle:209"
"Starting turtlesim with node name /Mike/sim";"20";"Mike.sim";"1726224643.752489362";"/home/ar1sto/ros2_ws/src/ros_tutorials/turtlesim/src/turtle_frame.cpp:TurtleFrame:112"
"Starting turtlesim with node name /Don/sim";"20";"Don.sim";"1726224643.767395413";"/home/ar1sto/ros2_ws/src/ros_tutorials/turtlesim/src/turtle_frame.cpp:TurtleFrame:112"
"Spawning turtle [turtle1] at x=[5.544445], y=[5.544445], theta=[0.000000]";"20";"Leo.sim";"1726224643.780599292";"/home/ar1sto/ros2_ws/src/ros_tutorials/turtlesim/src/turtle_frame.cpp:spawnTurtle:209"
"Starting turtlesim with node name /Leo/sim";"20";"Leo.sim";"1726224643.761892926";"/home/ar1sto/ros2_ws/src/ros_tutorials/turtlesim/src/turtle_frame.cpp:TurtleFrame:112"
"Spawning turtle [turtle1] at x=[5.544445], y=[5.544445], theta=[0.000000]";"20";"Don.sim";"1726224552.859442276";"/home/ar1sto/ros2_ws/src/ros_tutorials/turtlesim/src/turtle_frame.cpp:spawnTurtle:209"
"Spawning turtle [turtle1] at x=[5.544445], y=[5.544445], theta=[0.000000]";"20";"Mike.sim";"1726224552.859409251";"/home/ar1sto/ros2_ws/src/ros_tutorials/turtlesim/src/turtle_frame.cpp:spawnTurtle:209"
"Spawning turtle [turtle1] at x=[5.544445], y=[5.544445], theta=[0.000000]";"20";"Leo.sim";"1726224552.855684030";"/home/ar1sto/ros2_ws/src/ros_tutorials/turtlesim/src/turtle_frame.cpp:spawnTurtle:209"
"Starting turtlesim with node name /Mike/sim";"20";"Mike.sim";"1726224552.845116214";"/home/ar1sto/ros2_ws/src/ros_tutorials/turtlesim/src/turtle_frame.cpp:TurtleFrame:112"
"Starting turtlesim with node name /Don/sim";"20";"Don.sim";"1726224552.844363550";"/home/ar1sto/ros2_ws/src/ros_tutorials/turtlesim/src/turtle_frame.cpp:TurtleFrame:112"
"Starting turtlesim with node name /Leo/sim";"20";"Leo.sim";"1726224552.843731927";"/home/ar1sto/ros2_ws/src/ros_tutorials/turtlesim/src/turtle_frame.cpp:TurtleFrame:112"
"Spawning turtle [turtle1] at x=[5.544445], y=[5.544445], theta=[0.000000]";"20";"Mike.sim";"1726224021.337024852";"/home/ar1sto/ros2_ws/src/ros_tutorials/turtlesim/src/turtle_frame.cpp:spawnTurtle:209"
"Spawning turtle [turtle1] at x=[5.544445], y=[5.544445], theta=[0.000000]";"20";"Leo.sim";"1726224021.336548331";"/home/ar1sto/ros2_ws/src/ros_tutorials/turtlesim/src/turtle_frame.cpp:spawnTurtle:209"
"Spawning turtle [turtle1] at x=[5.544445], y=[5.544445], theta=[0.000000]";"20";"Don.sim";"1726224021.336580784";"/home/ar1sto/ros2_ws/src/ros_tutorials/turtlesim/src/turtle_frame.cpp:spawnTurtle:209"
"Starting turtlesim with node name /Don/sim";"20";"Don.sim";"1726224021.321454877";"/home/ar1sto/ros2_ws/src/ros_tutorials/turtlesim/src/turtle_frame.cpp:TurtleFrame:112"
"Starting turtlesim with node name /Mike/sim";"20";"Mike.sim";"1726224021.320438569";"/home/ar1sto/ros2_ws/src/ros_tutorials/turtlesim/src/turtle_frame.cpp:TurtleFrame:112"
"Starting turtlesim with node name /Leo/sim";"20";"Leo.sim";"1726224021.320199738";"/home/ar1sto/ros2_ws/src/ros_tutorials/turtlesim/src/turtle_frame.cpp:TurtleFrame:112"
